<odoo>
    <record model="ir.module.category" id="excel_custome_123">
        <field name="name">Sale Exsell</field>
        <field name="description">User access levels for Overtime module</field>
        <field name="sequence">10</field>
    </record>

    <record id="overtime_user_access_excel" model="res.groups">
        <field name="name">User</field>
        <field name="category_id" ref="excel_custome_123"/>
    </record>

    <record id="overtime_manager_access_excel_123" model="res.groups">
        <field name="name">Manager</field>
        <field name="category_id" ref="excel_custome_123"/>
        <field name="implied_ids" eval="[(4, ref('overtime_user_access_excel'))]"/>
    </record>

    

    
</odoo>
